"date","nasdaq_ret"
2012-01-03,0.016107
2012-01-04,-0.000596
2012-01-05,0.002928
2012-01-06,-0.00315
2012-01-09,0.002796
2012-01-10,0.010408
2012-01-11,0.000846
2012-01-12,0.003027
2012-01-13,-0.005323
2012-01-17,0.003895
2012-01-18,0.01219
2012-01-19,0.005571
2012-01-20,0.00086
2012-01-23,0.001597
2012-01-24,-0.000861
2012-01-25,0.009929
2012-01-26,-0.004938
2012-01-27,0.00058
2012-01-30,-0.003802
2012-01-31,-9e-05
2012-02-01,0.011016
2012-02-02,0.001764
2012-02-03,0.014536
2012-02-06,-0.001006
2012-02-07,0.001374
2012-02-08,0.001941
2012-02-09,0.000974
2012-02-10,-0.00841
2012-02-13,0.00723
2012-02-14,-0.001725
2012-02-15,-0.00449
2012-02-16,0.012353
2012-02-17,0.001313
2012-02-21,0.000132
2012-02-22,-0.003182
2012-02-23,0.005575
2012-02-24,0.001411
2012-02-27,0.000723
2012-02-28,0.002769
2012-02-29,-0.005799
2012-03-01,0.006708
2012-03-02,-0.004969
2012-03-05,-0.004627
2012-03-06,-0.017413
2012-03-07,0.007708
2012-03-08,0.010714
2012-03-09,0.0045
2012-03-12,-0.001421
2012-03-13,0.017273
2012-03-14,-0.003954
2012-03-15,0.006472
2012-03-16,0.001244
2012-03-19,0.003986
2012-03-20,-0.004522
2012-03-21,-0.001157
2012-03-22,-0.008173
2012-03-23,0.004468
2012-03-26,0.0139
2012-03-27,-0.003749
2012-03-28,-0.005792
2012-03-29,-0.00193
2012-03-30,0.003295
2012-04-02,0.007938
2012-04-03,-0.004612
2012-04-04,-0.011843
2012-04-05,-0.001052
2012-04-09,-0.011402
2012-04-10,-0.018039
2012-04-11,0.008385
2012-04-12,0.015051
2012-04-13,-0.01241
2012-04-16,-0.000592
2012-04-17,0.014946
2012-04-18,-0.004052
2012-04-19,-0.004712
2012-04-20,0.001614
2012-04-23,-0.009599
2012-04-24,0.003241
2012-04-25,0.013728
2012-04-26,0.006712
2012-04-27,0.003837
2012-04-30,-0.004339
2012-05-01,0.004843
2012-05-02,-0.002183
2012-05-03,-0.010092
2012-05-04,-0.015738
2012-05-07,0.000515
2012-05-08,-0.005466
2012-05-09,-0.006301
2012-05-10,0.002655
2012-05-11,-0.00293
2012-05-14,-0.012257
2012-05-15,-0.006167
2012-05-16,-0.005164
2012-05-17,-0.01595
2012-05-18,-0.008158
2012-05-21,0.017735
2012-05-22,-0.000545
2012-05-23,0.002754
2012-05-24,0.000872
2012-05-25,-0.001558
2012-05-29,0.011089
2012-05-30,-0.015751
2012-05-31,-0.002063
2012-06-01,-0.024632
2012-06-04,-0.001044
2012-06-05,0.007834
2012-06-06,0.022492
2012-06-07,-0.00144
2012-06-08,0.007097
2012-06-11,-0.014006
2012-06-12,0.011623
2012-06-13,-0.007358
2012-06-14,0.009472
2012-06-15,0.010032
2012-06-18,0.002162
2012-06-19,0.011571
2012-06-20,-0.001539
2012-06-21,-0.023684
2012-06-22,0.007245
2012-06-25,-0.015561
2012-06-26,0.004828
2012-06-27,0.008742
2012-06-28,-0.002156
2012-06-29,0.025476
2012-07-02,0.003733
2012-07-03,0.008806
2012-07-05,-0.004155
2012-07-06,-0.010199
2012-07-09,-0.002216
2012-07-10,-0.008826
2012-07-11,-0.000406
2012-07-12,-0.00491
2012-07-13,0.01524
2012-07-16,-0.002482
2012-07-17,0.006703
2012-07-18,0.006155
2012-07-19,0.002764
2012-07-20,-0.009942
2012-07-23,-0.010186
2012-07-24,-0.009475
2012-07-25,0.000691
2012-07-26,0.01549
2012-07-27,0.018833
2012-07-30,-0.000826
2012-07-31,-0.005003
2012-08-01,-0.004648
2012-08-02,-0.007397
2012-08-03,0.019092
2012-08-06,0.003511
2012-08-07,0.006332
2012-08-08,-0.000104
2012-08-09,0.001346
2012-08-10,0.001836
2012-08-13,-0.002082
2012-08-14,-0.000148
2012-08-15,0.002475
2012-08-16,0.007849
2012-08-17,0.002632
2012-08-20,-0.00065
2012-08-21,-0.002373
2012-08-22,-0.000167
2012-08-23,-0.007344
2012-08-24,0.005358
2012-08-27,-0.000581
2012-08-28,0.000219
2012-08-29,0.000735
2012-08-30,-0.007949
2012-08-31,0.005873
2012-09-04,0.000581
2012-09-05,-0.000789
2012-09-06,0.01932
2012-09-07,0.005607
2012-09-10,-0.005726
2012-09-11,0.003421
2012-09-12,0.00233
2012-09-13,0.015172
2012-09-14,0.006129
2012-09-17,-0.00458
2012-09-18,-0.001811
2012-09-19,0.001252
2012-09-20,-0.002063
2012-09-21,0.000369
2012-09-24,-0.003212
2012-09-25,-0.010915
2012-09-26,-0.005774
2012-09-27,0.009956
2012-09-28,-0.004529
2012-10-01,0.002708
2012-10-02,0.00114
2012-10-03,0.00235
2012-10-04,0.007662
2012-10-05,-0.000375
2012-10-08,-0.003568
2012-10-09,-0.009789
2012-10-10,-0.005616
2012-10-11,0.001584
2012-10-12,-0.003535
2012-10-15,0.00723
2012-10-16,0.009939
2012-10-17,0.005004
2012-10-18,-0.002759
2012-10-19,-0.015628
2012-10-22,0.000163
2012-10-23,-0.013005
2012-10-24,-0.002619
2012-10-25,0.003285
2012-10-26,-0.001387
2012-10-31,0.002185
2012-11-01,0.011104
2012-11-02,-0.009799
2012-11-05,0.002058
2012-11-06,0.007713
2012-11-07,-0.021702
2012-11-08,-0.011618
2012-11-09,0.000906
2012-11-12,-0.000216
2012-11-13,-0.004437
2012-11-14,-0.014991
2012-11-15,-0.003096
2012-11-16,0.006099
2012-11-19,0.019052
2012-11-20,0.000894
2012-11-21,0.003101
2012-11-23,0.012626
2012-11-26,-0.001687
2012-11-27,-0.004503
2012-11-28,0.007177
2012-11-29,0.004977
2012-11-30,0.000264
2012-12-03,-0.004293
2012-12-04,-0.00137
2012-12-05,0.001404
2012-12-06,0.002338
2012-12-07,0.00246
2012-12-10,0.001426
2012-12-11,0.006131
2012-12-12,-9.4e-05
2012-12-13,-0.006197
2012-12-14,-0.003181
2012-12-17,0.010151
2012-12-18,0.010836
2012-12-19,-0.00483
2012-12-20,0.00466
2012-12-21,-0.008636
2012-12-24,-0.0024
2012-12-26,-0.005061
2012-12-27,-0.000928
2012-12-28,-0.009391
2012-12-31,0.01642
2013-01-02,0.024832
2013-01-03,-0.001913
2013-01-04,0.005652
2013-01-07,-0.002557
2013-01-08,-0.002428
2013-01-09,0.003391
2013-01-10,0.006782
2013-01-11,0.000148
2013-01-14,-0.000353
2013-01-15,0.001942
2013-01-16,-0.000821
2013-01-17,0.005915
2013-01-18,0.002928
2013-01-22,0.005105
2013-01-23,0.000263
2013-01-24,0.000611
2013-01-25,0.005248
2013-01-28,-0.00134
2013-01-29,0.003523
2013-01-30,-0.004074
2013-01-31,-0.000873
2013-02-01,0.009221
2013-02-04,-0.011065
2013-02-05,0.009114
2013-02-06,0.001167
2013-02-07,-0.002412
2013-02-08,0.005382
2013-02-11,-0.00105
2013-02-12,0.002144
2013-02-13,0.001026
2013-02-14,0.000738
2013-02-15,-0.002097
2013-02-19,0.006809
2013-02-20,-0.01337
2013-02-21,-0.007234
2013-02-22,0.008571
2013-02-25,-0.017177
2013-02-26,0.005531
2013-02-27,0.012077
2013-02-28,-0.00069
2013-03-01,0.001698
2013-03-04,0.003633
2013-03-05,0.009151
2013-03-06,0.001455
2013-03-07,0.002229
2013-03-08,0.004812
2013-03-11,0.002628
2013-03-12,-0.001987
2013-03-13,0.00045
2013-03-14,0.005922
2013-03-15,-0.001573
2013-03-18,-0.005375
2013-03-19,-0.002964
2013-03-20,0.007235
2013-03-21,-0.007587
2013-03-22,0.005804
2013-03-25,-0.003117
2013-03-26,0.006972
2013-03-27,-0.000205
2013-03-28,0.00401
2013-04-01,-0.00549
2013-04-02,0.002702
2013-04-03,-0.011989
2013-04-04,0.003781
2013-04-05,-0.003529
2013-04-08,0.006425
2013-04-09,0.00368
2013-04-10,0.011566
2013-04-11,0.003107
2013-04-12,-0.003811
2013-04-15,-0.025602
2013-04-16,0.014651
2013-04-17,-0.014729
2013-04-18,-0.005717
2013-04-19,0.009322
2013-04-22,0.004261
2013-04-23,0.010101
2013-04-24,0.002089
2013-04-25,0.004886
2013-04-26,-0.002569
2013-04-29,0.007319
2013-04-30,0.004127
2013-05-01,-0.010762
2013-05-02,0.009373
2013-05-03,0.010305
2013-05-06,0.002487
2013-05-07,0.005082
2013-05-08,0.00464
2013-05-09,-0.004008
2013-05-10,0.004637
2013-05-13,-0.000738
2013-05-14,0.00918
2013-05-15,0.003725
2013-05-16,-0.004644
2013-05-17,0.009372
2013-05-20,0.00062
2013-05-21,0.001556
2013-05-22,-0.00974
2013-05-23,-0.002541
2013-05-24,-0.001095
2013-05-28,0.00629
2013-05-29,-0.007133
2013-05-30,0.004039
2013-05-31,-0.013596
2013-06-03,0.004538
2013-06-04,-0.005591
2013-06-05,-0.013598
2013-06-06,0.008864
2013-06-07,0.01136
2013-06-10,0.000118
2013-06-11,-0.010917
2013-06-12,-0.008495
2013-06-13,0.014949
2013-06-14,-0.005394
2013-06-17,0.007184
2013-06-18,0.007317
2013-06-19,-0.013425
2013-06-20,-0.025853
2013-06-21,0.001355
2013-06-24,-0.012451
2013-06-25,0.010237
2013-06-26,0.008625
2013-06-27,0.007921
2013-06-28,-0.002855
2013-07-01,0.006611
2013-07-02,-0.001583
2013-07-03,0.000398
2013-07-05,0.008996
2013-07-08,0.004969
2013-07-09,0.0077
2013-07-10,0.000557
2013-07-11,0.014475
2013-07-12,0.002463
2013-07-15,0.002314
2013-07-16,-0.003795
2013-07-17,0.002924
2013-07-18,0.005396
2013-07-19,0.001467
2013-07-22,0.00278
2013-07-23,-0.001207
2013-07-24,-0.004937
2013-07-25,0.003934
2013-07-26,0.000129
2013-07-29,-0.003876
2013-07-30,0.000342
2013-07-31,6.5e-05
2013-08-01,0.012119
2013-08-02,0.001298
2013-08-05,-0.000849
2013-08-06,-0.006604
2013-08-07,-0.004801
2013-08-08,0.005248
2013-08-09,-0.002038
2013-08-12,-0.000171
2013-08-13,0.001311
2013-08-14,-0.004263
2013-08-15,-0.013098
2013-08-16,-0.002992
2013-08-19,-0.007146
2013-08-20,0.00562
2013-08-21,-0.006229
2013-08-22,0.009106
2013-08-23,0.004269
2013-08-26,-0.002868
2013-08-27,-0.016313
2013-08-28,0.002442
2013-08-29,0.003081
2013-08-30,-0.004908
2013-09-03,0.004451
2013-09-04,0.007434
2013-09-05,0.001777
2013-09-06,0.000952
2013-09-09,0.010805
2013-09-10,0.007202
2013-09-11,0.002579
2013-09-12,-0.004258
2013-09-13,0.002632
2013-09-16,0.005145
2013-09-17,0.004963
2013-09-18,0.012524
2013-09-19,-0.001266
2013-09-20,-0.007389
2013-09-23,-0.00422
2013-09-24,-0.001342
2013-09-25,-0.001711
2013-09-26,0.003729
2013-09-27,-0.003693
2013-09-30,-0.004896
2013-10-01,0.008609
2013-10-02,-0.00081
2013-10-03,-0.008614
2013-10-04,0.006713
2013-10-07,-0.008486
2013-10-08,-0.013281
2013-10-09,-0.000531
2013-10-10,0.020854
2013-10-11,0.006883
2013-10-14,0.00408
2013-10-15,-0.006879
2013-10-16,0.012681
2013-10-17,0.007713
2013-10-18,0.006921
2013-10-21,0.000126
2013-10-22,0.005489
2013-10-23,-0.005325
2013-10-24,0.004041
2013-10-25,0.003146
2013-10-28,0.000332
2013-10-29,0.004318
2013-10-30,-0.005759
2013-10-31,-0.003605
2013-11-01,0.001352
2013-11-04,0.004306
2013-11-05,-0.003137
2013-11-06,0.002608
2013-11-07,-0.014049
2013-11-08,0.012331
2013-11-11,0.001003
2013-11-12,-0.002315
2013-11-13,0.008271
2013-11-14,0.004427
2013-11-15,0.00438
2013-11-18,-0.004696
2013-11-19,-0.003516
2013-11-20,-0.003348
2013-11-21,0.0086
2013-11-22,0.004475
2013-11-25,-0.001463
2013-11-26,0.000958
2013-11-27,0.002552
2013-11-29,9.6e-05
2013-12-02,-0.003696
2013-12-03,-0.003772
2013-12-04,-0.001151
2013-12-05,-0.00354
2013-12-06,0.009612
2013-12-09,0.001819
2013-12-10,-0.002839
2013-12-11,-0.01222
2013-12-12,-0.002783
2013-12-13,0.001245
2013-12-16,0.006432
2013-12-17,-0.002362
2013-12-18,0.014327
2013-12-19,-0.001127
2013-12-20,0.006773
2013-12-23,0.006061
2013-12-24,0.003325
2013-12-26,0.003959
2013-12-27,-0.000327
2013-12-30,0.000212
2013-12-31,0.004203
2014-01-02,-0.008884
2014-01-03,0.000436
2014-01-06,-0.00336
2014-01-07,0.006081
2014-01-08,-4e-05
2014-01-09,2.9e-05
2014-01-10,0.003566
2014-01-13,-0.011741
2014-01-14,0.010239
2014-01-15,0.005036
2014-01-16,-0.000299
2014-01-17,-0.003467
2014-01-21,0.003336
2014-01-22,0.001389
2014-01-23,-0.008205
2014-01-24,-0.021142
2014-01-27,-0.006679
2014-01-28,0.007287
2014-01-29,-0.010102
2014-01-30,0.01142
2014-01-31,-0.005809
2014-02-03,-0.023224
2014-02-04,0.007548
2014-02-05,-0.002236
2014-02-06,0.011542
2014-02-07,0.012587
2014-02-10,0.001547
2014-02-11,0.01055
2014-02-12,0.000773
2014-02-13,0.006846
2014-02-14,0.004035
2014-02-18,0.003061
2014-02-19,-0.006863
2014-02-20,0.006294
2014-02-21,-0.000912
2014-02-24,0.006155
2014-02-25,-0.001287
2014-02-26,0.000861
2014-02-27,0.004761
2014-02-28,0.00164
2014-03-03,-0.006699
2014-03-04,0.015414
2014-03-05,0.000206
2014-03-06,0.00157
2014-03-07,-0.000889
2014-03-10,-0.001306
2014-03-11,-0.005578
2014-03-12,0.001019
2014-03-13,-0.011248
2014-03-14,-0.00141
2014-03-17,0.008262
2014-03-18,0.007634
2014-03-19,-0.006808
2014-03-20,0.004689
2014-03-21,-0.002931
2014-03-24,-0.006096
2014-03-25,0.00328
2014-03-26,-0.008204
2014-03-27,-0.001269
2014-03-28,0.004394
2014-03-31,0.009149
2014-04-01,0.008162
2014-04-02,0.002698
2014-04-03,-0.003128
2014-04-04,-0.01262
2014-04-07,-0.011668
2014-04-08,0.005165
2014-04-09,0.011224
2014-04-10,-0.020783
2014-04-11,-0.00989
2014-04-14,0.006514
2014-04-15,0.005153
2014-04-16,0.010606
2014-04-17,0.002237
2014-04-21,0.003465
2014-04-22,0.005517
2014-04-23,-0.00285
2014-04-24,0.000689
2014-04-25,-0.009473
2014-04-28,0.000931
2014-04-29,0.005586
2014-04-30,0.003343
2014-05-01,0.000668
2014-05-02,-0.000272
2014-05-05,0.001235
2014-05-06,-0.008781
2014-05-07,0.004047
2014-05-08,-0.002892
2014-05-09,0.001443
2014-05-12,0.01109
2014-05-13,-0.000886
2014-05-14,-0.004868
2014-05-15,-0.008526
2014-05-16,0.003375
2014-05-19,0.004233
2014-05-20,-0.006977
2014-05-21,0.007305
2014-05-22,0.003398
2014-05-23,0.004699
2014-05-27,0.005887
2014-05-28,-0.001476
2014-05-29,0.004814
2014-05-30,0.000634
2014-06-02,0.000599
2014-06-03,-0.000406
2014-06-04,0.00241
2014-06-05,0.007198
2014-06-06,0.005003
2014-06-09,0.001836
2014-06-10,-0.000406
2014-06-11,-0.003216
2014-06-12,-0.005976
2014-06-13,0.003037
2014-06-16,0.001403
2014-06-17,0.002931
2014-06-18,0.00693
2014-06-19,0.001576
2014-06-20,0.001998
2014-06-23,9.7e-05
2014-06-24,-0.007149
2014-06-25,0.004947
2014-06-26,-0.000775
2014-06-27,0.002832
2014-06-30,0.000973
2014-07-01,0.006642
2014-07-02,-0.000375
2014-07-03,0.004959
2014-07-07,-0.006168
2014-07-08,-0.007534
2014-07-09,0.004414
2014-07-10,-0.004863
2014-07-11,0.000688
2014-07-14,0.004559
2014-07-15,-0.003294
2014-07-16,0.003666
2014-07-17,-0.011031
2014-07-18,0.010245
2014-07-21,-0.002193
2014-07-22,0.005064
2014-07-23,0.001822
2014-07-24,0.000216
2014-07-25,-0.005038
2014-07-28,-0.000517
2014-07-29,-0.003772
2014-07-30,0.000376
2014-07-31,-0.019455
2014-08-01,-0.003484
2014-08-04,0.007112
2014-08-05,-0.008969
2014-08-06,1.9e-05
2014-08-07,-0.005092
2014-08-08,0.010265
2014-08-11,0.004648
2014-08-12,-0.002243
2014-08-13,0.006385
2014-08-14,0.004125
2014-08-15,0.000198
2014-08-18,0.00847
2014-08-19,0.004562
2014-08-20,0.001916
2014-08-21,0.002435
2014-08-22,-0.001528
2014-08-25,0.004523
2014-08-26,0.00217
2014-08-27,0.000439
2014-08-28,-0.001914
2014-08-29,0.003738
2014-09-02,-3.7e-05
2014-09-03,-0.000717
2014-09-04,-0.002435
2014-09-05,0.004349
2014-09-08,-0.002909
2014-09-09,-0.006331
2014-09-10,0.003244
2014-09-11,0.00103
2014-09-12,-0.006615
2014-09-15,-0.002897
2014-09-16,0.006999
2014-09-17,0.000765
2014-09-18,0.004401
2014-09-19,-0.002445
2014-09-22,-0.010108
2014-09-23,-0.006066
2014-09-24,0.006971
2014-09-25,-0.01557
2014-09-26,0.008147
2014-09-29,-0.002499
2014-09-30,-0.004133
2014-10-01,-0.01305
2014-10-02,0.000718
2014-10-03,0.009059
2014-10-06,-0.001609
2014-10-07,-0.014997
2014-10-08,0.015622
2014-10-09,-0.021269
2014-10-10,-0.013432
2014-10-13,-0.015501
2014-10-14,0.002311
2014-10-15,-0.004564
2014-10-16,0.003809
2014-10-17,0.010812
2014-10-20,0.009229
2014-10-21,0.019217
2014-10-22,-0.008964
2014-10-23,0.012208
2014-10-24,0.006005
2014-10-27,-0.002179
2014-10-28,0.013738
2014-10-29,-0.002425
2014-10-30,0.004867
2014-10-31,0.01151
2014-11-03,-0.000729
2014-11-04,-0.004642
2014-11-05,0.004576
2014-11-06,0.003558
2014-11-07,0.001866
2014-11-10,0.002676
2014-11-11,0.00112
2014-11-12,0.000306
2014-11-13,-0.001038
2014-11-14,0.00123
2014-11-17,-0.000266
2014-11-18,0.005328
2014-11-19,-0.002432
2014-11-20,0.003264
2014-11-21,0.005221
2014-11-24,0.003156
2014-11-25,-0.000508
2014-11-26,0.002502
2014-11-28,-0.006139
2014-12-01,-0.009065
2014-12-02,0.00582
2014-12-03,0.005021
2014-12-04,-0.00218
2014-12-05,0.001456
2014-12-08,-0.009584
2014-12-09,0.00168
2014-12-10,-0.017515
2014-12-11,0.003775
2014-12-12,-0.015269
2014-12-15,-0.00771
2014-12-16,-0.00587
2014-12-17,0.021662
2014-12-18,0.021404
2014-12-19,0.004495
2014-12-22,0.003058
2014-12-23,0.002144
2014-12-24,0.000439
2014-12-26,0.003642
2014-12-29,0.000968
2014-12-30,-0.004385
2014-12-31,-0.008789
2015-01-02,-0.000387
2015-01-05,-0.018328
2015-01-06,-0.009663
2015-01-07,0.010908
2015-01-08,0.016817
2015-01-09,-0.007551
2015-01-12,-0.007786
2015-01-13,-0.002374
2015-01-14,-0.005249
2015-01-15,-0.009205
2015-01-16,0.013827
2015-01-20,0.000225
2015-01-21,0.004454
2015-01-22,0.014664
2015-01-23,-0.004203
2015-01-26,0.004396
2015-01-27,-0.01001
2015-01-28,-0.014236
2015-01-29,0.008376
2015-01-30,-0.012174
2015-02-02,0.012177
2015-02-03,0.014993
2015-02-04,-0.00471
2015-02-05,0.011235
2015-02-06,-0.003777
2015-02-09,-0.004121
2015-02-10,0.008563
2015-02-11,-0.000662
2015-02-12,0.010233
2015-02-13,0.004668
2015-02-17,0.001637
2015-02-18,4.1e-05
2015-02-19,-0.001163
2015-02-20,0.005624
2015-02-23,-0.000679
2015-02-24,0.002273
2015-02-25,0.000537
2015-02-26,-0.001683
2015-02-27,-0.002623
2015-03-02,0.005398
2015-03-03,-0.004066
2015-03-04,-0.003924
2015-03-05,0.001579
2015-03-06,-0.013957
2015-03-09,0.002776
2015-03-10,-0.015566
2015-03-11,-0.00039
2015-03-12,0.011765
2015-03-13,-0.005562
2015-03-16,0.011749
2015-03-17,-0.001761
2015-03-18,0.012044
2015-03-19,-0.004583
2015-03-20,0.009312
2015-03-23,-0.000996
2015-03-24,-0.004626
2015-03-25,-0.014824
2015-03-26,-0.002251
2015-03-27,0.002232
2015-03-30,0.011441
2015-03-31,-0.007193
2015-04-01,-0.00279
2015-04-02,0.003929
2015-04-06,0.006568
2015-04-07,-0.002163
2015-04-08,0.003333
2015-04-09,0.003337
2015-04-10,0.004582
2015-04-13,-0.003803
2015-04-14,0.001875
2015-04-15,0.006169
2015-04-16,-0.000446
2015-04-17,-0.011302
2015-04-20,0.00805
2015-04-21,-0.001059
2015-04-22,0.00409
2015-04-23,0.003475
2015-04-24,0.001158
2015-04-27,-0.004795
2015-04-28,0.00233
2015-04-29,-0.004006
2015-04-30,-0.010736
2015-05-01,0.009243
2015-05-04,0.002954
2015-05-05,-0.01164
2015-05-06,-0.003675
2015-05-07,0.003134
2015-05-08,0.012064
2015-05-11,-0.00418
2015-05-12,-0.002289
2015-05-13,-2.8e-05
2015-05-14,0.009608
2015-05-15,0.000968
2015-05-18,0.003282
2015-05-19,-0.001502
2015-05-20,-0.000407
2015-05-21,0.002365
2015-05-22,-0.00226
2015-05-26,-0.010475
2015-05-27,0.008495
2015-05-28,-0.001341
2015-05-29,-0.00585
2015-06-01,0.001435
2015-06-02,0.00033
2015-06-03,0.002506
2015-06-04,-0.008899
2015-06-05,-6e-05
2015-06-08,-0.006643
2015-06-09,-7.2e-05
2015-06-10,0.011433
2015-06-11,0.001616
2015-06-12,-0.006217
2015-06-15,-0.004069
2015-06-16,0.004934
2015-06-17,0.001698
2015-06-18,0.009164
2015-06-19,-0.004937
2015-06-22,0.005805
2015-06-23,0.001229
2015-06-24,-0.007515
2015-06-25,-0.002789
2015-06-26,-0.001116
2015-06-29,-0.021576
2015-06-30,0.002925
2015-07-01,0.005283
2015-07-02,-0.00061
2015-07-06,-0.004548
2015-07-07,0.004943
2015-07-08,-0.016717
2015-07-09,0.002724
2015-07-10,0.012669
2015-07-13,0.010164
2015-07-14,0.004713
2015-07-15,-0.002505
2015-07-16,0.006949
2015-07-17,-0.000639
2015-07-20,-0.00124
2015-07-21,-0.00409
2015-07-22,-0.002444
2015-07-23,-0.005551
2015-07-24,-0.01003
2015-07-27,-0.007089
2015-07-28,0.012254
2015-07-29,0.007413
2015-07-30,0.000691
2015-07-31,-0.000786
2015-08-03,-0.003701
2015-08-04,-0.001794
2015-08-05,0.002241
2015-08-06,-0.008068
2015-08-07,-0.003306
2015-08-10,0.013111
2015-08-11,-0.009393
2015-08-12,0.000482
2015-08-13,-0.002185
2015-08-14,0.00376
2015-08-17,0.005605
2015-08-18,-0.003644
2015-08-19,-0.00885
2015-08-20,-0.021653
2015-08-21,-0.028126
2015-08-24,-0.038601
2015-08-25,-0.010311
2015-08-26,0.033715
2015-08-27,0.024308
2015-08-28,0.002425
2015-08-31,-0.007349
2015-09-01,-0.028237
2015-09-02,0.016209
2015-09-03,0.001791
2015-09-04,-0.013816
2015-09-08,0.023584
2015-09-09,-0.012874
2015-09-10,0.004324
2015-09-11,0.003138
2015-09-14,-0.004284
2015-09-15,0.011402
2015-09-16,0.009485
2015-09-17,-0.00082
2015-09-18,-0.015467
2015-09-21,0.003295
2015-09-22,-0.013678
2015-09-23,-0.003573
2015-09-24,-0.003726
2015-09-25,-0.002237
2015-09-28,-0.027365
2015-09-29,-0.000971
2015-09-30,0.019381
2015-10-01,0.00186
2015-10-02,0.015052
2015-10-05,0.018729
2015-10-06,-0.003136
2015-10-07,0.009518
2015-10-08,0.008506
2015-10-09,0.001411
2015-10-12,-0.000202
2015-10-13,-0.007894
2015-10-14,-0.004343
2015-10-15,0.014666
2015-10-16,0.003418
2015-10-19,-0.000689
2015-10-20,-0.001191
2015-10-21,-0.008126
2015-10-22,0.013868
2015-10-23,0.009493
2015-10-26,-0.00281
2015-10-27,-0.004504
2015-10-28,0.01351
2015-10-29,-0.002368
2015-10-30,-0.004019
2015-11-02,0.012409
2015-11-03,0.00304
2015-11-04,-0.003671
2015-11-05,-0.001563
2015-11-06,-0.000491
2015-11-09,-0.009762
2015-11-10,0.001072
2015-11-11,-0.004136
2015-11-12,-0.014722
2015-11-13,-0.009798
2015-11-16,0.013607
2015-11-17,-0.001519
2015-11-18,0.015198
2015-11-19,-0.001034
2015-11-20,0.002884
2015-11-23,-0.000707
2015-11-24,0.002306
2015-11-25,0.001064
2015-11-27,0.000595
2015-11-30,-0.003966
2015-12-01,0.009417
2015-12-02,-0.010923
2015-12-03,-0.014346
2015-12-04,0.016441
2015-12-07,-0.009826
2015-12-08,-0.006191
2015-12-09,-0.006711
2015-12-10,0.001954
2015-12-11,-0.020022
2015-12-14,0.001523
2015-12-15,0.011291
2015-12-16,0.014802
2015-12-17,-0.014725
2015-12-18,-0.015156
2015-12-21,0.006894
2015-12-22,0.008749
2015-12-23,0.013561
2015-12-24,-0.000948
2015-12-28,-0.003337
2015-12-29,0.009731
2015-12-30,-0.007472
2015-12-31,-0.008207
2016-01-04,-0.015053
2016-01-05,0.001394
2016-01-06,-0.014068
2016-01-07,-0.023933
2016-01-08,-0.01094
2016-01-11,-0.001736
2016-01-12,0.006058
2016-01-13,-0.025947
2016-01-14,0.015404
2016-01-15,-0.021706
2016-01-19,-0.002421
2016-01-20,-0.010704
2016-01-21,0.00563
2016-01-22,0.022443
2016-01-25,-0.016752
2016-01-26,0.015917
2016-01-27,-0.010697
2016-01-28,0.004927
2016-01-29,0.024504
2016-02-01,-0.000409
2016-02-02,-0.020048
2016-02-03,0.005418
2016-02-04,0.003412
2016-02-05,-0.019632
2016-02-08,-0.017048
2016-02-09,-0.003224
2016-02-10,-9e-06
2016-02-11,-0.012157
2016-02-12,0.020049
2016-02-16,0.017448
2016-02-17,0.017983
2016-02-18,-0.004284
2016-02-19,-0.000351
2016-02-22,0.014289
2016-02-23,-0.011836
2016-02-24,0.004917
2016-02-25,0.010834
2016-02-26,0.000181
2016-02-29,-0.005969
2016-03-01,0.022243
2016-03-02,0.005516
2016-03-03,0.005503
2016-03-04,0.004072
2016-03-07,0.003165
2016-03-08,-0.013703
2016-03-09,0.00537
2016-03-10,-0.001337
2016-03-11,0.017173
2016-03-14,-0.001637
2016-03-15,-0.004532
2016-03-16,0.007399
2016-03-17,0.00823
2016-03-18,0.003775
2016-03-21,0.000447
2016-03-22,-0.000487
2016-03-23,-0.009544
2016-03-24,-0.000148
2016-03-28,0.000793
2016-03-29,0.010788
2016-03-30,0.004374
2016-03-31,-0.000878
2016-04-01,0.004594
2016-04-04,-0.004541
2016-04-05,-0.010016
2016-04-06,0.010799
2016-04-07,-0.011686
2016-04-08,0.004307
2016-04-11,-0.001837
2016-04-12,0.01037
2016-04-13,0.011192
2016-04-14,-0.000544
2016-04-15,-0.00057
2016-04-18,0.006751
2016-04-19,0.004485
2016-04-20,0.001178
2016-04-21,-0.005335
2016-04-22,0.001831
2016-04-25,-0.002797
2016-04-26,0.003355
2016-04-27,0.002515
2016-04-28,-0.008682
2016-04-29,-0.004496
2016-05-02,0.006695
2016-05-03,-0.011129
2016-05-04,-0.006396
2016-05-05,-0.000625
2016-05-06,0.00339
2016-05-09,-0.000215
2016-05-10,0.012262
2016-05-11,-0.008705
2016-05-12,-0.001042
2016-05-13,-0.008035
2016-05-16,0.010127
2016-05-17,-0.00882
2016-05-18,-0.000931
2016-05-19,-0.003806
2016-05-20,0.007522
2016-05-23,-0.001822
2016-05-24,0.013088
2016-05-25,0.00725
2016-05-26,-0.000285
2016-05-27,0.004262
2016-05-31,-0.000393
2016-06-01,0.002191
2016-06-02,0.003516
2016-06-03,-0.001965
2016-06-06,0.006103
2016-06-07,0.002091
2016-06-08,0.003378
2016-06-09,-0.002858
2016-06-10,-0.011246
2016-06-13,-0.008417
2016-06-14,-0.002918
2016-06-15,-0.000565
2016-06-16,0.001788
2016-06-17,-0.001838
2016-06-20,0.007217
2016-06-21,0.002165
2016-06-22,-0.00199
2016-06-23,0.0144
2016-06-24,-0.036645
2016-06-27,-0.020321
2016-06-28,0.017767
2016-06-29,0.017494
2016-06-30,0.013151
2016-07-01,0.002845
2016-07-05,-0.00828
2016-07-06,0.00514
2016-07-07,-0.000771
2016-07-08,0.015462
2016-07-11,0.004208
2016-07-12,0.007918
2016-07-13,-0.000331
2016-07-14,0.004664
2016-07-15,-0.000807
2016-07-18,0.002573
2016-07-19,-0.002383
2016-07-20,0.004528
2016-07-21,-0.003337
2016-07-22,0.004465
2016-07-25,-0.00316
2016-07-26,0.001592
2016-07-27,-0.00133
2016-07-28,0.001554
2016-07-29,0.002581
2016-08-01,-0.002293
2016-08-02,-0.007131
2016-08-03,0.004113
2016-08-04,0.000591
2016-08-05,0.008034
2016-08-08,2.2e-05
2016-08-09,0.001028
2016-08-10,-0.00284
2016-08-11,0.004648
2016-08-12,-0.000547
2016-08-15,0.003916
2016-08-16,-0.005615
2016-08-17,0.000825
2016-08-18,0.003359
2016-08-19,-0.001927
2016-08-22,-0.000451
2016-08-23,0.002802
2016-08-24,-0.006099
2016-08-25,-0.000691
2016-08-26,-0.001846
2016-08-29,0.005098
2016-08-30,-0.001643
2016-08-31,-0.002719
2016-09-01,0.000685
2016-09-02,0.005839
2016-09-06,0.003369
2016-09-07,0.000621
2016-09-08,-0.002134
2016-09-09,-0.025024
2016-09-12,0.013295
2016-09-13,-0.016197
2016-09-14,-0.000603
2016-09-15,0.009983
2016-09-16,-0.003957
2016-09-19,0.00136
2016-09-20,-0.000421
2016-09-21,0.011823
2016-09-22,0.007758
2016-09-23,-0.005943
2016-09-26,-0.008365
2016-09-27,0.005067
2016-09-28,0.006442
2016-09-29,-0.009267
2016-09-30,0.0078
2016-10-03,-0.003173
2016-10-04,-0.005707
2016-10-05,0.004634
2016-10-06,-0.000778
2016-10-07,-0.003861
2016-10-10,0.005594
2016-10-11,-0.012627
2016-10-12,0.000849
2016-10-13,-0.003359
2016-10-14,-0.000329
2016-10-17,-0.002544
2016-10-18,0.006554
2016-10-19,0.002893
2016-10-20,-0.001741
2016-10-21,-0.00012
2016-10-24,0.004397
2016-10-25,-0.004391
2016-10-26,-0.002812
2016-10-27,-0.004107
2016-10-28,-0.002635
2016-10-31,0.000418
2016-11-01,-0.006812
2016-11-02,-0.007812
2016-11-03,-0.00425
2016-11-04,-0.001281
2016-11-07,0.020904
2016-11-08,0.003529
2016-11-09,0.011949
2016-11-10,0.001865
2016-11-11,0.000261
2016-11-14,0.002274
2016-11-15,0.007725
2016-11-16,-0.001722
2016-11-17,0.004556
2016-11-18,-0.001482
2016-11-21,0.007741
2016-11-22,0.002992
2016-11-23,0.00091
2016-11-25,0.003617
2016-11-28,-0.006059
2016-11-29,0.00077
2016-11-30,-0.001744
2016-12-01,-0.00428
2016-12-02,0.000696
2016-12-05,0.00723
2016-12-06,0.004729
2016-12-07,0.0122
2016-12-08,0.003637
2016-12-09,0.003896
2016-12-12,-0.0025
2016-12-13,0.005584
2016-12-14,-0.009699
2016-12-15,0.003544
2016-12-16,-0.001286
2016-12-19,0.002021
2016-12-20,0.00417
2016-12-21,-0.002675
2016-12-22,-0.002988
2016-12-23,0.001754
2016-12-27,0.002509
2016-12-28,-0.008258
2016-12-29,0.000517
2016-12-30,-0.00407
2017-01-03,0.008177
2017-01-04,0.008463
2017-01-05,-0.000955
2017-01-06,0.002084
2017-01-09,-0.003932
2017-01-10,0.001304
2017-01-11,0.003117
2017-01-12,-0.002558
2017-01-13,0.002813
2017-01-17,-0.003716
2017-01-18,0.001299
2017-01-19,-0.003912
2017-01-20,0.003601
2017-01-23,-0.001943
2017-01-24,0.008343
2017-01-25,0.008075
2017-01-26,-0.001172
2017-01-27,-0.001708
2017-01-30,-0.007118
2017-01-31,0.000823
2017-02-01,5.4e-05
2017-02-02,0.000532
2017-02-03,0.007688
2017-02-06,-0.00273
2017-02-07,-0.000578
2017-02-08,0.000976
2017-02-09,0.006356
2017-02-10,0.004054
2017-02-13,0.004442
2017-02-14,0.003687
2017-02-15,0.00464
2017-02-16,-0.001348
2017-02-17,0.001871
2017-02-21,0.005799
2017-02-22,-0.001818
2017-02-23,-0.000995
2017-02-24,0.000262
2017-02-27,0.001878
2017-02-28,-0.004674
2017-03-01,0.013168
2017-03-02,-0.006928
2017-03-03,0.00092
2017-03-06,-0.003832
2017-03-07,-0.003505
2017-03-08,-0.003506
2017-03-09,-0.000283
2017-03-10,0.00341
2017-03-13,0.001376
2017-03-14,-0.004225
2017-03-15,0.010075
2017-03-16,-0.00065
2017-03-17,-0.000885
2017-03-20,-0.002367
2017-03-21,-0.013684
2017-03-22,0.001734
2017-03-23,0.000135
2017-03-24,-0.000434
2017-03-27,-0.00037
2017-03-28,0.00688
2017-03-29,0.002001
2017-03-30,0.002563
2017-03-31,-0.00112
2017-04-03,-0.002701
2017-04-04,0.000514
2017-04-05,-0.004206
2017-04-06,0.00328
2017-04-07,-0.000722
2017-04-10,0.001423
2017-04-11,-0.000255
2017-04-12,-0.004588
2017-04-13,-0.007211
2017-04-17,0.00865
2017-04-18,-0.002532
2017-04-19,-0.001438
2017-04-20,0.007653
2017-04-21,-0.002876
2017-04-24,0.01073
2017-04-25,0.005959
2017-04-26,-0.000165
2017-04-27,-0.000172
2017-04-28,-0.002641
2017-05-01,0.001964
2017-05-02,0.000251
2017-05-03,-0.002762
2017-05-04,-0.000855
2017-05-05,0.00577
2017-05-08,-0.001086
2017-05-09,-0.001022
2017-05-10,0.002306
2017-05-11,-0.003007
2017-05-12,-0.001569
2017-05-15,0.005506
2017-05-16,-0.000534
2017-05-17,-0.018326
2017-05-18,0.003342
2017-05-19,0.007536
2017-05-22,0.005372
2017-05-23,0.001501
2017-05-24,0.002361
2017-05-25,0.003149
2017-05-26,0.000188
2017-05-30,-0.002401
2017-05-31,-0.000437
2017-06-01,0.008911
2017-06-02,0.00347
2017-06-05,-0.001853
2017-06-06,-0.002159
2017-06-07,0.00055
2017-06-08,0.001552
2017-06-09,-0.000551
2017-06-12,-0.000919
2017-06-13,0.005074
2017-06-14,-0.002367
2017-06-15,-0.003102
2017-06-16,0.000446
2017-06-19,0.007615
2017-06-20,-0.007657
2017-06-21,-0.000892
2017-06-22,0.000785
2017-06-23,0.002876
2017-06-26,0.000904
2017-06-27,-0.007529
2017-06-28,0.009738
2017-06-29,-0.00818
2017-06-30,0.001409
2017-07-03,0.002938
2017-07-05,-0.000229
2017-07-06,-0.009529
2017-07-07,0.006419
2017-07-10,5e-04
2017-07-11,0.000219
2017-07-12,0.00761
2017-07-13,0.001703
2017-07-14,0.004833
2017-07-17,-1.4e-05
2017-07-18,0.000441
2017-07-19,0.005899
2017-07-20,-2.4e-05
2017-07-21,-0.000926
2017-07-24,-0.000179
2017-07-25,0.003455
2017-07-26,-9.3e-05
2017-07-27,-0.002251
2017-07-28,-0.001134
2017-07-31,-0.000864
2017-08-01,0.002317
2017-08-02,-0.001172
2017-08-03,-0.002372
2017-08-04,0.001991
2017-08-07,0.001387
2017-08-08,-0.002865
2017-08-09,-0.001571
2017-08-10,-0.014676
2017-08-11,0.001401
2017-08-14,0.009785
2017-08-15,-0.001618
2017-08-16,0.001934
2017-08-17,-0.014605
2017-08-18,-0.001223
2017-08-21,0.000831
2017-08-22,0.009373
2017-08-23,-0.001993
2017-08-24,-0.001182
2017-08-25,0.001923
2017-08-28,0.000292
2017-08-29,0.000544
2017-08-30,0.004416
2017-08-31,0.006818
2017-09-01,0.002766
2017-09-05,-0.00762
2017-09-06,0.003182
2017-09-07,-0.000222
2017-09-08,-0.001312
2017-09-11,0.010238
2017-09-12,0.003502
2017-09-13,0.000531
2017-09-14,-0.000804
2017-09-15,0.001667
2017-09-18,0.001955
2017-09-19,0.001103
2017-09-20,0.000834
2017-09-21,-0.002578
2017-09-22,0.00105
2017-09-25,-0.001888
2017-09-26,8.9e-05
2017-09-27,0.004939
2017-09-28,0.001356
2017-09-29,0.003286
2017-10-02,0.00448
2017-10-03,0.002467
2017-10-04,0.000732
2017-10-05,0.00462
2017-10-06,-0.001184
2017-10-09,-0.001988
2017-10-10,0.00269
2017-10-11,0.00193
2017-10-12,-0.001617
2017-10-13,0.000864
2017-10-16,0.000998
2017-10-17,-0.000201
2017-10-18,0.000962
2017-10-19,-0.00019
2017-10-20,0.004145
2017-10-23,-0.004298
2017-10-24,0.001637
2017-10-25,-0.005438
2017-10-26,0.001497
2017-10-27,0.007573
2017-10-30,-0.003504
2017-10-31,0.001975
2017-11-01,0.000696
2017-11-02,0.000206
2017-11-03,0.002762
2017-11-06,0.00199
2017-11-07,-0.001851
2017-11-08,0.001361
2017-11-09,-0.00379
2017-11-10,-0.000547
2017-11-13,0.000161
2017-11-14,-0.002719
2017-11-15,-0.005013
2017-11-16,0.009086
2017-11-17,-0.000972
2017-11-20,0.001762
2017-11-21,0.006511
2017-11-22,-0.000138
2017-11-24,0.002098
2017-11-27,-0.001622
2017-11-28,0.008776
2017-11-29,-0.000867
2017-11-30,0.006928
2017-12-01,-0.001197
2017-12-04,-0.001772
2017-12-05,-0.004213
2017-12-06,-0.00141
2017-12-07,0.003859
2017-12-08,0.00496
2017-12-11,0.002763
2017-12-12,0.000714
2017-12-13,0.000512
2017-12-14,-0.004573
2017-12-15,0.007827
2017-12-18,0.006671
2017-12-19,-0.003598
2017-12-20,-0.00022
2017-12-21,0.002348
2017-12-22,-0.00018
2017-12-26,-0.000241
2017-12-27,0.000782
2017-12-28,0.002236
2017-12-29,-0.004827
2018-01-02,0.008471
2018-01-03,0.005852
2018-01-04,0.003858
2018-01-05,0.005802
2018-01-08,0.001802
2018-01-09,0.000687
2018-01-10,-0.001511
2018-01-11,0.008223
2018-01-12,0.006074
2018-01-16,-0.004449
2018-01-17,0.008572
2018-01-18,-0.002063
2018-01-19,0.005402
2018-01-22,0.007571
2018-01-23,0.002591
2018-01-24,-0.000932
2018-01-25,7.2e-05
2018-01-26,0.009944
2018-01-29,-0.006952
2018-01-30,-0.010305
2018-01-31,9.6e-05
2018-02-01,-0.000459
2018-02-02,-0.020939
2018-02-05,-0.038032
2018-02-06,0.015229
2018-02-07,-0.004228
2018-02-08,-0.034815
2018-02-09,0.012038
2018-02-12,0.013185
2018-02-13,0.002853
2018-02-14,0.014121
2018-02-15,0.010908
2018-02-16,0.000267
2018-02-20,-0.006355
2018-02-21,-0.004432
2018-02-22,0.00015
2018-02-23,0.014589
2018-02-26,0.009909
2018-02-27,-0.012683
2018-02-28,-0.011133
2018-03-01,-0.010932
2018-03-02,0.005767
2018-03-05,0.01012
2018-03-06,0.004105
2018-03-07,0.000371
2018-03-08,0.003401
2018-03-09,0.015704
2018-03-12,-0.000156
2018-03-13,-0.006228
2018-03-14,-0.004849
2018-03-15,-0.00227
2018-03-16,0.00233
2018-03-19,-0.012934
2018-03-20,0.00132
2018-03-21,0.000323
2018-03-22,-0.024021
2018-03-23,-0.019296
2018-03-26,0.024179
2018-03-27,-0.016578
2018-03-28,-0.002881
2018-03-29,0.013391
2018-04-02,-0.021424
2018-04-03,0.011475
2018-04-04,0.010311
2018-04-05,0.007304
2018-04-06,-0.019985
2018-04-09,0.002622
2018-04-10,0.016383
2018-04-11,-0.003831
2018-04-12,0.006823
2018-04-13,-0.003097
2018-04-16,0.007977
2018-04-17,0.010278
2018-04-18,0.001624
2018-04-19,-0.005481
2018-04-20,-0.007501
2018-04-23,-0.000461
2018-04-24,-0.011425
2018-04-25,0.000772
2018-04-26,0.009011
2018-04-27,0.000595
2018-04-30,-0.00732
2018-05-01,0.00214
2018-05-02,-0.005579
2018-05-03,-0.002385
2018-05-04,0.012112
2018-05-07,0.004016
2018-05-08,0.000388
2018-05-09,0.008521
2018-05-10,0.008435
2018-05-11,0.001293
2018-05-14,0.000677
2018-05-15,-0.005805
2018-05-16,0.004618
2018-05-17,7.4e-05
2018-05-18,-0.002316
2018-05-21,0.006957
2018-05-22,-0.003474
2018-05-23,0.002262
2018-05-24,-0.001868
2018-05-25,-0.002293
2018-05-29,-0.00999
2018-05-30,0.012945
2018-05-31,-0.006665
2018-06-01,0.009527
2018-06-04,0.004505
2018-06-05,0.001429
2018-06-06,0.007962
2018-06-07,-0.001282
2018-06-08,0.002937
2018-06-11,0.001513
2018-06-12,0.001908
2018-06-13,-0.003648
2018-06-14,0.002347
2018-06-15,-0.001776
2018-06-18,-0.000795
2018-06-19,-0.004237
2018-06-20,0.002721
2018-06-21,-0.006976
2018-06-22,0.002165
2018-06-25,-0.014431
2018-06-26,0.00286
2018-06-27,-0.009766
2018-06-28,0.005384
2018-06-29,0.001526
2018-07-02,0.002094
2018-07-03,-0.002926
2018-07-05,0.00831
2018-07-06,0.00834
2018-07-09,0.008184
2018-07-10,0.002276
2018-07-11,-0.00741
2018-07-12,0.008151
2018-07-13,0.000701
2018-07-16,-0.001871
2018-07-17,0.00387
2018-07-18,0.00247
2018-07-19,-0.002537
2018-07-20,-0.001056
2018-07-23,0.001017
2018-07-24,0.001941
2018-07-25,0.008228
2018-07-26,-0.001562
2018-07-27,-0.007676
2018-07-30,-0.005689
2018-07-31,0.005479
2018-08-01,-0.001343
2018-08-02,0.005378
2018-08-03,0.003117
2018-08-06,0.003764
2018-08-07,0.002236
2018-08-08,-0.000293
2018-08-09,-0.000507
2018-08-10,-0.006561
2018-08-13,-0.004703
2018-08-14,0.006497
2018-08-15,-0.009213
2018-08-16,0.007793
2018-08-17,0.003794
2018-08-20,0.002781
2018-08-21,0.003091
2018-08-22,0.000708
2018-08-23,-0.00249
2018-08-24,0.006232
2018-08-27,0.007081
2018-08-28,-0.000374
2018-08-29,0.00512
2018-08-30,-0.004595
2018-08-31,0.000199
2018-09-04,-0.002348
2018-09-05,-0.003517
2018-09-06,-0.004193
2018-09-07,-0.002439
2018-09-10,0.002272
2018-09-11,0.003183
2018-09-12,0.000813
2018-09-13,0.004057
2018-09-14,0.000788
2018-09-17,-0.005996
2018-09-18,0.005445
2018-09-19,0.000511
2018-09-20,0.007812
2018-09-21,-0.001122
2018-09-24,-0.003755
2018-09-25,-0.000572
2018-09-26,-0.004162
2018-09-27,0.00216
2018-09-28,4e-06
2018-10-01,0.001719
2018-10-02,-0.00229
2018-10-03,0.001621
2018-10-04,-0.009476
2018-10-05,-0.006083
2018-10-08,-0.001348
2018-10-09,-0.002006
2018-10-10,-0.031361
2018-10-11,-0.018814
2018-10-12,0.012191
2018-10-15,-0.003682
2018-10-16,0.021448
2018-10-17,-0.001413
2018-10-18,-0.014689
2018-10-19,-0.001838
2018-10-22,-0.003924
2018-10-23,-0.006017
2018-10-24,-0.030663
2018-10-25,0.017444
2018-10-26,-0.015546
2018-10-29,-0.006997
2018-10-30,0.015468
2018-10-31,0.01041
2018-11-01,0.012911
2018-11-02,-0.004889
2018-11-05,0.004407
2018-11-06,0.005622
2018-11-07,0.019221
2018-11-08,-0.003342
2018-11-09,-0.009848
2018-11-12,-0.018878
2018-11-13,-0.001221
2018-11-14,-0.006793
2018-11-15,0.010543
2018-11-16,0.002012
2018-11-19,-0.016624
2018-11-20,-0.018013
2018-11-21,0.006147
2018-11-23,-0.005609
2018-11-26,0.014515
2018-11-27,0.000421
2018-11-28,0.022257
2018-11-29,-0.001979
2018-11-30,0.006664
2018-12-03,0.011394
2018-12-04,-0.031804
2018-12-06,-0.002162
2018-12-07,-0.021185
2018-12-10,-0.000295
2018-12-11,-0.000756
2018-12-12,0.006264
2018-12-13,-0.002384
2018-12-14,-0.017207
2018-12-17,-0.021052
2018-12-18,-0.000352
2018-12-19,-0.014922
2018-12-20,-0.015414
2018-12-21,-0.020689
2018-12-24,-0.024389
2018-12-26,0.046837
2018-12-27,0.006717
2018-12-28,-0.000126
2018-12-31,0.008101
2019-01-02,0.001791
2019-01-03,-0.021229
2019-01-04,0.033409
2019-01-07,0.009196
2019-01-08,0.010248
2019-01-09,0.005958
2019-01-10,0.004468
2019-01-11,-0.000163
2019-01-14,-0.005554
2019-01-15,0.009811
2019-01-16,0.003157
2019-01-17,0.007014
2019-01-18,0.012011
2019-01-22,-0.014182
2019-01-23,0.00127
2019-01-24,0.002762
2019-01-25,0.00952
2019-01-28,-0.006493
2019-01-29,-0.000929
2019-01-30,0.014216
2019-01-31,0.008278
2019-02-01,0.001277
2019-02-04,0.006647
2019-02-05,0.004375
2019-02-06,-0.002605
2019-02-07,-0.008945
2019-02-08,0.000387
2019-02-11,0.001241
2019-02-12,0.012314
2019-02-13,0.002721
2019-02-14,-0.001761
2019-02-15,0.010763
2019-02-19,0.002292
2019-02-20,0.001968
2019-02-21,-0.003604
2019-02-22,0.006318
2019-02-25,0.001261
2019-02-26,-0.001519
2019-02-27,0.000365
2019-02-28,-0.003064
2019-03-01,0.005965
2019-03-04,-0.004264
2019-03-05,-0.001347
2019-03-06,-0.007803
2019-03-07,-0.007681
2019-03-08,-0.001999
2019-03-11,0.014321
2019-03-12,0.002709
2019-03-13,0.006357
2019-03-14,-0.001326
2019-03-15,0.004452
2019-03-18,0.00442
2019-03-19,-0.000723
2019-03-20,-0.003266
2019-03-21,0.010214
2019-03-22,-0.020404
2019-03-25,-0.000413
2019-03-26,0.007711
2019-03-27,-0.004709
2019-03-28,0.003829
2019-03-29,0.005974
2019-04-01,0.011166
2019-04-02,-0.000181
2019-04-03,0.00254
2019-04-04,0.001779
2019-04-05,0.005107
2019-04-08,0.001026
2019-04-09,-0.00651
2019-04-10,0.004715
2019-04-11,-0.000139
2019-04-12,0.006341
2019-04-15,-0.00105
2019-04-16,0.000698
2019-04-17,-0.003127
2019-04-18,0.001059
2019-04-22,0.000523
2019-04-23,0.008838
2019-04-24,-0.0021
2019-04-25,-0.001472
2019-04-26,0.005324
2019-04-29,0.001375
2019-04-30,0.000297
2019-05-01,-0.007599
2019-05-02,-0.00174
2019-05-03,0.010811
2019-05-06,-0.003978
2019-05-07,-0.016162
2019-05-08,-0.001647
2019-05-09,-0.003037
2019-05-10,0.003802
2019-05-13,-0.024534
2019-05-14,0.008832
2019-05-15,0.005598
2019-05-16,0.00825
2019-05-17,-0.006866
2019-05-20,-0.006568
2019-05-21,0.008913
2019-05-22,-0.003813
2019-05-23,-0.012792
2019-05-24,0.00266
2019-05-28,-0.007522
2019-05-29,-0.006911
2019-05-30,0.001256
2019-05-31,-0.011892
2019-06-03,-0.002208
2019-06-04,0.020849
2019-06-05,0.006393
2019-06-06,0.004927
2019-06-07,0.009587
2019-06-10,0.004779
2019-06-11,-0.000629
2019-06-12,-0.001922
2019-06-13,0.004584
2019-06-14,-0.00283
2019-06-17,0.001301
2019-06-18,0.009946
2019-06-19,0.003734
2019-06-20,0.008724
2019-06-21,-0.002603
2019-06-24,-0.00294
2019-06-25,-0.008992
2019-06-26,-0.00105
2019-06-27,0.005565
2019-06-28,0.006603
2019-07-01,0.006613
2019-07-02,0.001978
2019-07-03,0.007526
2019-07-05,-0.001196
2019-07-08,-0.005378
2019-07-09,0.001542
2019-07-10,0.004042
2019-07-11,0.001219
2019-07-12,0.004596
2019-07-15,-0.000165
2019-07-16,-0.002981
2019-07-17,-0.005607
2019-07-18,0.00329
2019-07-19,-0.005642
2019-07-22,0.002264
2019-07-23,0.006233
2019-07-24,0.005948
2019-07-25,-0.006394
2019-07-26,0.007274
2019-07-29,-0.002681
2019-07-30,-0.001417
2019-07-31,-0.010018
2019-08-01,-0.009341
2019-08-02,-0.007903
2019-08-05,-0.028492
2019-08-06,0.011833
2019-08-07,0.001257
2019-08-08,0.018294
2019-08-09,-0.007324
2019-08-12,-0.012148
2019-08-13,0.013286
2019-08-14,-0.028077
2019-08-15,0.001593
2019-08-16,0.014769
2019-08-19,0.010601
2019-08-20,-0.006811
2019-08-21,0.007886
2019-08-22,-0.001047
2019-08-23,-0.024263
2019-08-26,0.009891
2019-08-27,-0.003873
2019-08-28,0.006298
2019-08-29,0.01239
2019-08-30,0.000539
2019-09-03,-0.007329
2019-09-04,0.010667
2019-09-05,0.0122
2019-09-06,0.000227
2019-09-09,0.00053
2019-09-10,0.001183
2019-09-11,0.008077
2019-09-12,0.002245
2019-09-13,-0.00064
2019-09-16,-0.001313
2019-09-17,0.002144
2019-09-18,-0.000738
2019-09-19,-0.000195
2019-09-20,-0.004185
2019-09-23,-0.000116
2019-09-24,-0.009393
2019-09-25,0.005628
2019-09-26,-0.003169
2019-09-27,-0.005901
2019-09-30,0.004384
2019-10-01,-0.012611
2019-10-02,-0.016138
2019-10-03,0.007462
2019-10-04,0.012646
2019-10-07,-0.003922
2019-10-08,-0.015095
2019-10-09,0.008121
2019-10-10,0.005581
2019-10-11,0.011317
2019-10-14,-0.001618
2019-10-15,0.009097
2019-10-16,-0.001939
2019-10-17,0.003633
2019-10-18,-0.003736
2019-10-21,0.006646
2019-10-22,-0.003313
2019-10-23,0.002319
2019-10-24,0.002339
2019-10-25,0.004048
2019-10-28,0.005233
2019-10-29,-0.000583
2019-10-30,0.002661
2019-10-31,-0.003593
2019-11-01,0.010072
2019-11-04,0.00372
2019-11-05,-0.001083
2019-11-06,-0.000401
2019-11-07,0.002488
2019-11-08,0.002507
2019-11-11,-0.001637
2019-11-12,0.001094
2019-11-13,3e-04
2019-11-14,0.00073
2019-11-15,0.006937
2019-11-18,0.000105
2019-11-19,-3.4e-05
2019-11-20,-0.003099
2019-11-21,-0.00177
2019-11-22,0.002006
2019-11-25,0.008473
2019-11-26,0.002189
2019-11-27,0.004194
2019-11-29,-0.004222
2019-12-02,-0.008633
2019-12-03,-0.005673
2019-12-04,0.005955
2019-12-05,0.000882
2019-12-06,0.00839
2019-12-09,-0.002763
2019-12-10,-0.000739
2019-12-11,0.002715
2019-12-12,0.007671
2019-12-13,-0.000149
2019-12-16,0.006803
2019-12-17,0.000535
2019-12-18,0.000142
2019-12-19,0.004114
2019-12-20,0.004416
2019-12-23,0.000801
2019-12-24,0.000269
2019-12-26,0.004528
2019-12-27,-0.000714
2019-12-30,-0.005333
2019-12-31,0.002908
2020-01-02,0.007316
2020-01-03,-0.0059
2020-01-06,0.003245
2020-01-07,-0.002216
2020-01-08,0.003996
2020-01-09,0.005627
2020-01-10,-0.002586
2020-01-13,0.007073
2020-01-14,-0.00047
2020-01-15,0.001921
2020-01-16,0.008356
2020-01-17,0.002506
2020-01-21,-0.003051
2020-01-22,0.00035
2020-01-23,0.000943
2020-01-24,-0.008888
2020-01-27,-0.014873
2020-01-28,0.0096
2020-01-29,-0.001178
2020-01-30,0.002602
2020-01-31,-0.016726
2020-02-03,0.007308
2020-02-04,0.014843
2020-02-05,0.009318
2020-02-06,0.002446
2020-02-07,-0.005683
2020-02-10,0.006647
2020-02-11,0.003367
2020-02-12,0.006378
2020-02-13,-0.001059
2020-02-14,0.001527
2020-02-18,-0.001987
2020-02-19,0.005061
2020-02-20,-0.002669
2020-02-21,-0.009838
2020-02-24,-0.031863
2020-02-25,-0.029505
2020-02-26,-0.005402
2020-02-27,-0.041165
2020-02-28,-0.00869
2020-03-02,0.040243
2020-03-03,-0.024678
2020-03-04,0.037499
2020-03-05,-0.031701
2020-03-06,-0.017824
2020-03-09,-0.079414
2020-03-10,0.04432
2020-03-11,-0.050022
2020-03-12,-0.097022
2020-03-13,0.085205
2020-03-16,-0.118218
2020-03-17,0.053029
2020-03-18,-0.059622
2020-03-19,0.014202
2020-03-20,-0.037325
2020-03-23,-0.026964
2020-03-24,0.091477
2020-03-25,0.016249
2020-03-26,0.057358
2020-03-27,-0.033044
2020-03-30,0.028781
2020-03-31,-0.012356
2020-04-01,-0.045078
2020-04-02,0.019376
2020-04-03,-0.015848
2020-04-06,0.067859
2020-04-07,0.000465
2020-04-08,0.033608
2020-04-09,0.018136
2020-04-13,-0.010165
2020-04-14,0.028068
2020-04-15,-0.023104
2020-04-16,0.004189
2020-04-17,0.027655
2020-04-20,-0.015577
2020-04-21,-0.029232
2020-04-22,0.021818
2020-04-23,0.001187
2020-04-24,0.013024
2020-04-27,0.017494
2020-04-28,-0.002303
2020-04-29,0.02879
2020-04-30,-0.013137
2020-05-01,-0.028171
2020-05-04,0.004795
2020-05-05,0.008694
2020-05-06,-0.00594
2020-05-07,0.013014
2020-05-08,0.01845
2020-05-11,-0.000451
2020-05-12,-0.020495
2020-05-13,-0.019083
2020-05-14,0.010068
2020-05-15,0.005131
2020-05-18,0.033256
2020-05-19,-0.009772
2020-05-20,0.017253
2020-05-21,-0.006709
2020-05-22,0.002539
2020-05-26,0.014163
2020-05-27,0.014949
2020-05-28,-0.003637
2020-05-29,0.004546
2020-06-01,0.006569
2020-06-02,0.008391
2020-06-03,0.014781
2020-06-04,-0.003198
2020-06-05,0.024987
2020-06-08,0.014211
2020-06-09,-0.009566
2020-06-10,-0.006675
2020-06-11,-0.058298
2020-06-12,0.013807
2020-06-15,0.010514
2020-06-16,0.017622
2020-06-17,-0.004139
2020-06-18,0.001168
2020-06-19,-0.004768
2020-06-22,0.00659
2020-06-23,0.003895
2020-06-24,-0.025761
2020-06-25,0.011159
2020-06-26,-0.022902
2020-06-29,0.014286
2020-06-30,0.014611
2020-07-01,0.003959
2020-07-02,0.004875
2020-07-06,0.014858
2020-07-07,-0.010268
2020-07-08,0.008426
2020-07-09,-0.005918
2020-07-10,0.010374
2020-07-13,-0.011214
2020-07-14,0.013178
2020-07-15,0.011781
2020-07-16,-0.004028
2020-07-17,0.003598
2020-07-20,0.008563
2020-07-21,0.002286
2020-07-22,0.005121
2020-07-23,-0.010967
2020-07-24,-0.007031
2020-07-27,0.009006
2020-07-28,-0.006935
2020-07-29,0.013422
2020-07-30,-0.003929
2020-07-31,0.004438
2020-08-03,0.008612
2020-08-04,0.004524
2020-08-05,0.00752
2020-08-06,0.004495
2020-08-07,8.4e-05
2020-08-10,0.002638
2020-08-11,-0.007947
2020-08-12,0.01289
2020-08-13,-0.000841
2020-08-14,-0.000753
2020-08-17,0.004995
2020-08-18,0.001289
2020-08-19,-0.004493
2020-08-20,0.002765
2020-08-21,0.001548
2020-08-24,0.008826
2020-08-25,0.003392
2020-08-26,0.008714
2020-08-27,0.001634
2020-08-28,0.006825
2020-08-31,-0.001659
2020-09-01,0.00844
2020-09-02,0.012053
2020-09-03,-0.034142
2020-09-04,-0.008071
2020-09-08,-0.026841
2020-09-09,0.01979
2020-09-10,-0.015607
2020-09-11,-0.000232
2020-09-14,0.015146
2020-09-15,0.005368
2020-09-16,-0.003176
2020-09-17,-0.007896
2020-09-18,-0.00888
2020-09-21,-0.012625
2020-09-22,0.00932
2020-09-23,-0.024165
2020-09-24,0.001984
2020-09-25,0.015596
2020-09-28,0.016581
2020-09-29,-0.004196
2020-09-30,0.00684
2020-10-01,0.007743
2020-10-02,-0.007742
2020-10-05,0.018212
2020-10-06,-0.011937
2020-10-07,0.017018
2020-10-08,0.008286
2020-10-09,0.008531
2020-10-12,0.013469
2020-10-13,-0.004954
2020-10-14,-0.006099
2020-10-15,-0.000799
2020-10-16,-0.000723
2020-10-19,-0.014173
2020-10-20,0.003808
2020-10-21,-0.003457
2020-10-22,0.006067
2020-10-23,0.003774
2020-10-26,-0.01809
2020-10-27,-0.003037
2020-10-28,-0.032813
2020-10-29,0.010352
2020-10-30,-0.01321
2020-11-02,0.012024
2020-11-03,0.018817
2020-11-04,0.019583
2020-11-05,0.020945
2020-11-06,-0.000155
2020-11-09,0.01055
2020-11-10,-0.000671
2020-11-11,0.008042
2020-11-12,-0.009857
2020-11-13,0.013201
2020-11-16,0.012309
2020-11-17,-0.001629
2020-11-18,-0.009173
2020-11-19,0.005775
2020-11-20,-0.004321
2020-11-23,0.007892
2020-11-24,0.01505
2020-11-25,0.000145
2020-11-27,0.003888
2020-11-30,-0.005872
2020-12-01,0.009489
2020-12-02,0.00112
2020-12-03,0.002123
2020-12-04,0.010436
2020-12-07,-0.000224
2020-12-08,0.004251
2020-12-09,-0.0096
2020-12-10,0.002529
2020-12-11,-0.002278
2020-12-14,-0.003563
2020-12-15,0.013062
2020-12-16,0.001375
2020-12-17,0.007883
2020-12-18,-0.002218
2020-12-21,-0.003061
2020-12-22,0.000527
2020-12-23,0.00142
2020-12-24,0.002195
2020-12-28,0.003836
2020-12-29,-0.00366
2020-12-30,0.003124
2020-12-31,0.003499
2021-01-04,-0.013126
2021-01-05,0.008934
2021-01-06,0.008022
2021-01-07,0.016092
2021-01-08,0.004601
2021-01-11,-0.005665
2021-01-12,0.004196
2021-01-13,0.000896
2021-01-14,-0.000207
2021-01-15,-0.008553
2021-01-19,0.008509
2021-01-20,0.012047
2021-01-21,-0.000995
2021-01-22,-0.001474
2021-01-25,0.002404
2021-01-26,-0.002929
2021-01-27,-0.024765
2021-01-28,0.009172
2021-01-29,-0.017747
2021-02-01,0.017212
2021-02-02,0.014003
2021-02-03,0.001352
2021-02-04,0.011212
2021-02-05,0.005959
2021-02-08,0.009764
2021-02-09,0.000834
2021-02-10,-0.000327
2021-02-11,0.001702
2021-02-12,0.004622
2021-02-16,-0.001204
2021-02-17,-0.002458
2021-02-18,-0.006622
2021-02-19,0.00267
2021-02-22,-0.009712
2021-02-23,-0.001298
2021-02-24,0.011284
2021-02-25,-0.026723
2021-02-26,-0.003944
2021-03-01,0.024715
2021-03-02,-0.009027
2021-03-03,-0.014703
2021-03-04,-0.016821
2021-03-05,0.017335
2021-03-08,-0.005896
2021-03-09,0.01677
2021-03-10,0.006729
2021-03-11,0.014108
2021-03-12,0.001305
2021-03-15,0.00702
2021-03-16,-0.004319
2021-03-17,0.003556
2021-03-18,-0.018012
2021-03-19,0.001705
2021-03-22,0.004726
2021-03-23,-0.012002
2021-03-24,-0.009144
2021-03-25,0.006406
2021-03-26,0.015323
2021-03-29,-0.005261
2021-03-30,-0.000126
2021-03-31,0.005539
2021-04-01,0.012764
2021-04-05,0.011348
2021-04-06,3e-04
2021-04-07,-0.001495
2021-04-08,0.005719
2021-04-09,0.005492
2021-04-12,-7e-04
2021-04-13,0.00393
2021-04-14,-0.002963
2021-04-15,0.010034
2021-04-16,0.002623
2021-04-19,-0.006959
2021-04-20,-0.009101
2021-04-21,0.011257
2021-04-22,-0.00731
2021-04-23,0.012001
2021-04-26,0.004391
2021-04-27,-0.000245
2021-04-28,0.000135
2021-04-29,0.003459
2021-04-30,-0.008086
2021-05-03,0.002012
2021-05-04,-0.008441
2021-05-05,-6.6e-05
2021-05-06,0.004654
2021-05-07,0.00854
2021-05-10,-0.012319
2021-05-11,-0.006594
2021-05-12,-0.02263
2021-05-13,0.009597
2021-05-14,0.01751
2021-05-17,-0.00137
2021-05-18,-0.006057
2021-05-19,-0.003897
2021-05-20,0.011081
2021-05-21,-0.000337
2021-05-24,0.009305
2021-05-25,-0.002747
2021-05-26,0.004521
2021-05-27,0.00281
2021-05-28,0.000901
2021-06-01,0.001613
2021-06-02,0.00166
2021-06-03,-0.005337
2021-06-04,0.008408
2021-06-07,0.001601
2021-06-08,0.001747
2021-06-09,-0.002922
2021-06-10,0.003864
2021-06-11,0.00309
2021-06-14,0.001123
2021-06-15,-0.002998
2021-06-16,-0.004708
2021-06-17,-0.001436
2021-06-18,-0.012598
2021-06-21,0.013436
2021-06-22,0.004915
2021-06-23,-0.000161
2021-06-24,0.006399
2021-06-25,0.003189
2021-06-28,0.00106
2021-06-29,-0.000188
2021-06-30,0.00033
2021-07-01,0.004117
2021-07-02,0.004915
2021-07-06,-0.003054
2021-07-07,0.001098
2021-07-08,-0.009156
2021-07-09,0.01287
2021-07-12,0.002171
2021-07-13,-0.005948
2021-07-14,-0.002473
2021-07-15,-0.003933
2021-07-16,-0.007609
2021-07-19,-0.014644
2021-07-20,0.016883
2021-07-21,0.00967
2021-07-22,0.000228
2021-07-23,0.008861
2021-07-26,0.001641
2021-07-27,-0.005945
2021-07-28,0.002962
2021-07-29,0.004432
2021-07-30,-0.005698
2021-08-02,-0.001397
2021-08-03,0.006777
2021-08-04,-0.003978
2021-08-05,0.007082
2021-08-06,0.000727
2021-08-09,-0.000464
2021-08-10,0.000664
2021-08-11,0.002377
2021-08-12,0.001739
2021-08-13,0.000231
2021-08-16,-0.000876
2021-08-17,-0.007867
2021-08-18,-0.008993
2021-08-19,-0.002322
2021-08-20,0.008642
2021-08-23,0.010452
2021-08-24,0.004215
2021-08-25,0.002582
2021-08-26,-0.006499
2021-08-27,0.01094
2021-08-30,0.002962
2021-08-31,-0.001157
2021-09-01,0.001909
2021-09-02,0.004003
2021-09-03,-9.8e-05
2021-09-07,-0.004192
2021-09-08,-0.003519
2021-09-09,-0.002943
2021-09-10,-0.007346
2021-09-13,0.001948
2021-09-14,-0.006443
2021-09-15,0.008485
2021-09-16,-0.000907
2021-09-17,-0.007438
2021-09-20,-0.01831
2021-09-21,0.000822
2021-09-22,0.009948
2021-09-23,0.012018
2021-09-24,-0.00023
2021-09-27,-0.001009
2021-09-28,-0.020804
2021-09-29,-0.000233
2021-09-30,-0.009556
2021-10-01,0.010596
2021-10-04,-0.012934
2021-10-05,0.009423
2021-10-06,0.002813
2021-10-07,0.009754
2021-10-08,-0.0026
2021-10-11,-0.006344
2021-10-12,0.000233
2021-10-13,0.004785
2021-10-14,0.015877
2021-10-15,0.005717
2021-10-18,0.003271
2021-10-19,0.006803
2021-10-20,0.003885
2021-10-21,0.002889
2021-10-22,-0.001716
2021-10-25,0.00546
2021-10-26,-6.5e-05
2021-10-27,-0.007553
2021-10-28,0.011171
2021-10-29,0.000863
2021-11-01,0.005649
2021-11-02,0.00198
2021-11-03,0.007315
2021-11-04,0.002841
2021-11-05,0.003927
2021-11-08,0.001969
2021-11-09,-0.002957
2021-11-10,-0.010634
2021-11-11,0.002449
2021-11-12,0.007005
2021-11-15,-0.000368
2021-11-16,0.003993
2021-11-17,-0.004569
2021-11-18,0.000185
2021-11-19,-0.00289
2021-11-22,-0.006291
2021-11-23,-0.00031
2021-11-24,0.003179
2021-11-26,-0.022361
2021-11-29,0.010015
2021-11-30,-0.019243
2021-12-01,-0.015205
2021-12-02,0.015279
2021-12-03,-0.011436
2021-12-06,0.011775
2021-12-07,0.021563
2021-12-08,0.004228
2021-12-09,-0.010898
2021-12-10,0.006134
2021-12-13,-0.010065
2021-12-14,-0.007853
2021-12-15,0.01503
2021-12-16,-0.010112
2021-12-17,-0.006351
2021-12-20,-0.012477
2021-12-21,0.019856
2021-12-22,0.009491
2021-12-23,0.006798
2021-12-27,0.011964
2021-12-28,-0.002451
2021-12-29,0.000539
2021-12-30,-0.001132
2021-12-31,-0.002426
2022-01-03,0.006132
2022-01-04,-0.002398
2022-01-05,-0.021933
2022-01-06,0.000103
2022-01-07,-0.004304
2022-01-10,-0.001895
2022-01-11,0.010904
2022-01-12,0.001803
2022-01-13,-0.014445
2022-01-14,0.00015
2022-01-18,-0.01936
2022-01-19,-0.009383
2022-01-20,-0.011044
2022-01-21,-0.019945
2022-01-24,0.004191
2022-01-25,-0.012469
2022-01-26,-0.003587
2022-01-27,-0.008151
2022-01-28,0.02235
2022-01-31,0.022401
2022-02-01,0.008514
2022-02-02,0.004734
2022-02-03,-0.023379
2022-02-04,0.007094
2022-02-07,-0.001837
2022-02-08,0.00914
2022-02-09,0.016166
2022-02-10,-0.016406
2022-02-11,-0.017716
2022-02-14,-0.004236
2022-02-15,0.017542
2022-02-16,0.000219
2022-02-17,-0.021335
2022-02-18,-0.008413
2022-02-22,-0.011258
2022-02-23,-0.018087
2022-02-24,0.016019
2022-02-25,0.022022
2022-02-28,-0.000452
2022-03-01,-0.015087
2022-03-02,0.017744
2022-03-03,-0.008183
2022-03-04,-0.01023
2022-03-07,-0.029166
2022-03-08,-0.004414
2022-03-09,0.02617
2022-03-10,-0.004273
2022-03-11,-0.013784
2022-03-14,-0.010753
2022-03-15,0.019091
2022-03-16,0.02538
2022-03-17,0.01386
2022-03-18,0.012253
2022-03-21,-0.001826
2022-03-22,0.011729
2022-03-23,-0.011976
2022-03-24,0.012961
2022-03-25,0.003059
2022-03-28,0.006119
2022-03-29,0.014705
2022-03-30,-0.007788
2022-03-31,-0.014594
2022-04-01,0.004431
2022-04-04,0.00829
2022-04-05,-0.014892
2022-04-06,-0.01128
2022-04-07,0.002363
2022-04-08,-0.003234
2022-04-11,-0.014387
2022-04-12,-0.002781
2022-04-13,0.013214
2022-04-14,-0.01169
2022-04-18,-0.00213
2022-04-19,0.016239
2022-04-20,-0.000871
2022-04-21,-0.016932
2022-04-22,-0.026421
2022-04-25,0.005315
2022-04-26,-0.028347
2022-04-27,0.001286
2022-04-28,0.022902
2022-04-29,-0.033638
2022-05-02,0.005917
2022-05-03,0.0051
2022-05-04,0.027962
2022-05-05,-0.036384
2022-05-06,-0.008523
2022-05-09,-0.035549
2022-05-10,0.001268
2022-05-11,-0.017157
2022-05-12,0.001178
2022-05-13,0.026881
2022-05-16,-0.004741
2022-05-17,0.020512
2022-05-18,-0.037821
2022-05-19,-0.002238
2022-05-20,-5.6e-05
2022-05-23,0.01631
2022-05-24,-0.010632
2022-05-25,0.011184
2022-05-26,0.019729
2022-05-27,0.024332
2022-05-31,-0.00705
2022-06-01,-0.007092
2022-06-02,0.020123
2022-06-03,-0.015442
2022-06-06,0.002947
2022-06-07,0.009779
2022-06-08,-0.010446
2022-06-09,-0.023822
2022-06-10,-0.02827
2022-06-13,-0.040691
2022-06-14,-0.003757
2022-06-15,0.014946
2022-06-16,-0.03434
2022-06-17,0.003939
2022-06-21,0.022318
2022-06-22,-0.002256
2022-06-23,0.009074
2022-06-24,0.029751
2022-06-27,-0.002163
2022-06-28,-0.01871
2022-06-29,-0.002871
2022-06-30,-0.009068
2022-07-01,0.010912
2022-07-05,0.001907
2022-07-06,0.000663
2022-07-07,0.016796
2022-07-08,-0.000887
2022-07-11,-0.013182
2022-07-12,-0.008074
2022-07-13,-0.003444
2022-07-14,-0.005656
2022-07-15,0.018543
2022-07-18,-0.005558
2022-07-19,0.027352
2022-07-20,0.007861
2022-07-21,0.009261
2022-07-22,-0.010481
2022-07-25,0.001959
2022-07-26,-0.011849
2022-07-27,0.025307
2022-07-28,0.012313
2022-07-29,0.013266
2022-08-01,-0.002226
2022-08-02,-0.005251
2022-08-03,0.014946
2022-08-04,-0.000552
2022-08-05,-0.000498
2022-08-08,0.001189
2022-08-09,-0.006397
2022-08-10,0.022567
2022-08-11,-0.000436
2022-08-12,0.016712
2022-08-15,0.002775
2022-08-16,0.001859
2022-08-17,-0.009323
2022-08-18,0.002565
2022-08-19,-0.01467
2022-08-22,-0.0204
2022-08-23,-0.000731
2022-08-24,0.003926
2022-08-25,0.014181
2022-08-26,-0.031897
2022-08-29,-0.006546
2022-08-30,-0.011539
2022-08-31,-0.007349
2022-09-01,-0.001297
2022-09-02,-0.008609
2022-09-06,-0.00498
2022-09-07,0.018248
2022-09-08,0.007287
2022-09-09,0.016615
2022-09-12,0.010791
2022-09-13,-0.040575
2022-09-14,0.003749
2022-09-15,-0.010381
2022-09-16,-0.009581
2022-09-19,0.006828
2022-09-20,-0.012195
2022-09-21,-0.016015
2022-09-22,-0.011499
2022-09-23,-0.019174
2022-09-26,-0.011587
2022-09-27,-0.000789
2022-09-28,0.021531
2022-09-29,-0.021131
2022-09-30,-0.012335
2022-10-03,0.025345
2022-10-04,0.032305
2022-10-05,-0.003229
2022-10-06,-0.009541
2022-10-07,-0.0274
2022-10-10,-0.008193
2022-10-11,-0.006436
2022-10-12,-0.002934
2022-10-13,0.023321
2022-10-14,-0.023747
2022-10-17,0.02673
2022-10-18,0.011576
2022-10-19,-0.008948
2022-10-20,-0.007574
2022-10-21,0.022018
2022-10-24,0.008692
2022-10-25,0.018255
2022-10-26,-0.004587
2022-10-27,-0.004165
2022-10-28,0.021156
2022-10-31,-0.00602
2022-11-01,-0.002254
2022-11-02,-0.025089
2022-11-03,-0.009007
2022-11-04,0.013057
2022-11-07,0.00808
2022-11-08,0.005254
2022-11-09,-0.021295
2022-11-10,0.055212
2022-11-11,0.010538
2022-11-14,-0.00974
2022-11-15,0.010118
2022-11-16,-0.00987
2022-11-17,-0.004313
2022-11-18,0.004151
2022-11-21,-0.004684
2022-11-22,0.013207
2022-11-23,0.005872
2022-11-25,0.000376
2022-11-28,-0.015664
2022-11-29,-0.00085
2022-11-30,0.029199
2022-12-01,3.5e-05
2022-12-02,-0.000636
2022-12-05,-0.019469
2022-12-06,-0.014082
2022-12-07,-0.002005
2022-12-08,0.007236
2022-12-09,-0.007508
2022-12-12,0.013018
2022-12-13,0.007091
2022-12-14,-0.005676
2022-12-15,-0.024211
2022-12-16,-0.010473
2022-12-19,-0.009841
2022-12-20,0.001795
2022-12-21,0.014547
2022-12-22,-0.014085
2022-12-23,0.005393
2022-12-27,-0.003999
2022-12-28,-0.012381
2022-12-29,0.018137
2022-12-30,-0.002498
2023-01-03,-0.003996
2023-01-04,0.009515
2023-01-05,-0.011108
2023-01-06,0.022239
2023-01-09,0.00093
2023-01-10,0.007316
2023-01-11,0.012557
2023-01-12,0.005618
2023-01-13,0.004291
2023-01-17,-0.001149
2023-01-18,-0.014243
2023-01-19,-0.007574
2023-01-20,0.018047
2023-01-23,0.011753
2023-01-24,-0.001169
2023-01-25,0.000303
2023-01-26,0.010332
2023-01-27,0.003443
2023-01-30,-0.013074
2023-01-31,0.01553
2023-02-01,0.011071
2023-02-02,0.013759
2023-02-03,-0.010711
2023-02-06,-0.0073
2023-02-07,0.011447
2023-02-08,-0.010397
2023-02-09,-0.008963
2023-02-10,0.001347
2023-02-13,0.010737
2023-02-14,0.000806
2023-02-15,0.00426
2023-02-16,-0.012778
2023-02-17,-0.003077
2023-02-21,-0.020475
2023-02-22,-0.000639
2023-02-23,0.004808
2023-02-24,-0.010197
2023-02-27,0.00321
2023-02-28,-0.002676
2023-03-01,-0.003259
2023-03-02,0.00637
2023-03-03,0.01548
2023-03-06,-0.001793
2023-03-07,-0.014625
2023-03-08,0.001207
2023-03-09,-0.019425
2023-03-10,-0.016558
2023-03-13,-0.003125
2023-03-14,0.015617
2023-03-15,-0.009299
2023-03-16,0.016131
2023-03-17,-0.012103
2023-03-20,0.008634
2023-03-21,0.013792
2023-03-22,-0.016493
2023-03-23,0.001597
2023-03-24,0.004671
2023-03-27,0.00319
2023-03-28,-0.000834
2023-03-29,0.0138
2023-03-30,0.005347
2023-03-31,0.014581
2023-04-03,0.003032
2023-04-04,-0.006686
2023-04-05,-0.004163
2023-04-06,0.002962
2023-04-10,0.002129
2023-04-11,0.001793
2023-04-12,-0.004033
2023-04-13,0.012703
2023-04-14,-0.002729
2023-04-17,0.003633
2023-04-18,0.000649
2023-04-19,-0.000456
2023-04-20,-0.005818
2023-04-21,0.000596
2023-04-24,0.000241
2023-04-25,-0.01673
2023-04-26,-0.004095
2023-04-27,0.017269
2023-04-28,0.007962
2023-05-01,-0.000727
2023-05-02,-0.012267
2023-05-03,-0.0052
2023-05-04,-0.006949
2023-05-05,0.01865
2023-05-08,0.000817
2023-05-09,-0.003962
2023-05-10,0.004056
2023-05-11,-0.002726
2023-05-12,-0.002148
2023-05-15,0.004942
2023-05-16,-0.008152
2023-05-17,0.012184
2023-05-18,0.008303
2023-05-19,-0.001909
2023-05-22,0.001813
2023-05-23,-0.010483
2023-05-24,-0.008019
2023-05-25,0.004919
2023-05-26,0.012553
2023-05-30,-0.000313
2023-05-31,-0.005892
2023-06-01,0.009971
2023-06-02,0.016189
2023-06-05,-0.002807
2023-06-06,0.005169
2023-06-07,-0.002193
2023-06-08,0.005107
2023-06-09,6.8e-05
2023-06-12,0.008516
2023-06-13,0.007473
2023-06-14,-0.000173
2023-06-15,0.01153
2023-06-16,-0.003844
2023-06-20,-0.005567
2023-06-21,-0.004804
2023-06-22,0.001748
2023-06-23,-0.008539
2023-06-26,-0.002716
2023-06-27,0.011611
2023-06-28,0.000526
2023-06-29,0.004532
2023-06-30,0.011054
2023-07-03,0.001977
2023-07-05,-0.003402
2023-07-06,-0.009733
2023-07-07,-0.000128
2023-07-10,0.004144
2023-07-11,0.007717
2023-07-12,0.007976
2023-07-13,0.009251
2023-07-14,-0.002973
2023-07-17,0.004495
2023-07-18,0.007298
2023-07-19,0.002558
2023-07-20,-0.007253
2023-07-21,6.1e-05
2023-07-24,0.003255
2023-07-25,0.002266
2023-07-26,0.000789
2023-07-27,-0.00755
2023-07-28,0.01049
2023-07-31,0.003149
2023-08-01,-0.003759
2023-08-02,-0.014394
2023-08-03,-0.002422
2023-08-04,-0.004273
2023-08-07,0.00752
2023-08-08,-0.00478
2023-08-09,-0.006522
2023-08-10,-2.4e-05
2023-08-11,-0.001037
2023-08-14,0.003958
2023-08-15,-0.011888
2023-08-16,-0.008015
2023-08-17,-0.008551
2023-08-18,0.000542
2023-08-21,0.005516
2023-08-22,-0.001919
2023-08-23,0.011014
2023-08-24,-0.012575
2023-08-25,0.006933
2023-08-28,0.007079
2023-08-29,0.013134
2023-08-30,0.003685
2023-08-31,-0.001271
2023-09-01,0.002667
2023-09-05,-0.006158
2023-09-06,-0.006415
2023-09-07,-0.003955
2023-09-08,0.000956
2023-09-11,0.006474
2023-09-12,-0.004801
2023-09-13,-1e-05
2023-09-14,0.008701
2023-09-15,-0.010594
2023-09-18,-0.000531
2023-09-19,-0.002652
2023-09-20,-0.008314
2023-09-21,-0.016986
2023-09-22,-0.001906
2023-09-25,0.003374
2023-09-26,-0.01428
2023-09-27,0.001031
2023-09-28,0.006404
2023-09-29,-0.002665
2023-10-02,-0.0036
2023-10-03,-0.014404
2023-10-04,0.007069
2023-10-05,-0.000892
2023-10-06,0.011368
2023-10-09,0.00612
2023-10-10,0.006455
2023-10-11,0.003794
2023-10-12,-0.008537
2023-10-13,-0.005088
2023-10-16,0.010934
2023-10-17,0.001089
2023-10-18,-0.01462
2023-10-19,-0.009245
2023-10-20,-0.012221
2023-10-23,-0.002437
2023-10-24,0.00693
2023-10-25,-0.014705
2023-10-26,-0.009138
2023-10-27,-0.005544
2023-10-30,0.010608
2023-10-31,0.006244
2023-11-01,0.009555
2023-11-02,0.020094
2023-11-03,0.01164
2023-11-06,-0.000809
2023-11-07,0.002322
2023-11-08,-0.000456
2023-11-09,-0.008586
2023-11-10,0.013823
2023-11-13,-0.000386
2023-11-14,0.022639
2023-11-15,0.001816
2023-11-16,-0.00137
2023-11-17,0.00327
2023-11-20,0.006935
2023-11-21,-0.003014
2023-11-22,0.004025
2023-11-24,0.001683
2023-11-27,-0.00189
2023-11-28,0.000902
2023-11-29,0.000939
2023-11-30,0.003668
2023-12-01,0.009046
2023-12-04,-0.003922
2023-12-05,-0.002361
2023-12-06,-0.003621
2023-12-07,0.007147
2023-12-08,0.004174
2023-12-11,0.003684
2023-12-12,0.00309
2023-12-13,0.016182
2023-12-14,0.006638
2023-12-15,-0.001674
2023-12-18,0.003657
2023-12-19,0.007626
2023-12-20,-0.015095
2023-12-21,0.011131
2023-12-22,0.002366
2023-12-26,0.005204
2023-12-27,0.001802
2023-12-28,-0.000298
2023-12-29,-0.004087
2024-01-02,-0.00659
2024-01-03,-0.010046
2024-01-04,-0.002737
2024-01-05,0.00164
2024-01-08,0.014006
2024-01-09,-0.002665
2024-01-10,0.004666
2024-01-11,-0.001372
2024-01-12,0.000489
2024-01-16,-0.005257
2024-01-17,-0.006339
2024-01-18,0.007987
2024-01-19,0.011513
2024-01-22,0.003813
2024-01-23,0.002082
2024-01-24,-0.000351
2024-01-25,0.005158
2024-01-26,4.1e-05
2024-01-29,0.00839
2024-01-30,-0.001428
2024-01-31,-0.015827
2024-02-01,0.012254
2024-02-02,0.007514
2024-02-05,-0.005013
2024-02-06,0.003538
2024-02-07,0.00676
2024-02-08,0.002264
2024-02-09,0.006307
2024-02-12,0.000929
2024-02-13,-0.016506
2024-02-14,0.011339
2024-02-15,0.008098
2024-02-16,-0.004845
2024-02-20,-0.006454
2024-02-21,0.000116
2024-02-22,0.018385
2024-02-23,0.000661
2024-02-26,-0.002415
2024-02-27,0.002655
2024-02-28,-0.002235
2024-02-29,0.005195
2024-03-01,0.00806
2024-03-04,-0.001193
2024-03-05,-0.009593
2024-03-06,0.005834
2024-03-07,0.009819
2024-03-08,-0.005773
2024-03-11,-0.001456
2024-03-12,0.009368
2024-03-13,-0.000786
2024-03-14,-0.005131
2024-03-15,-0.0051
2024-03-18,0.004538
2024-03-19,0.005011
2024-03-20,0.010259
2024-03-21,0.003674
2024-03-22,-0.002831
2024-03-25,-0.002198
2024-03-26,-0.002217
2024-03-27,0.009201
2024-03-28,0.001395
2024-04-01,-0.002964
2024-04-02,-0.00792
2024-04-03,0.002123
2024-04-04,-0.011293
2024-04-05,0.00981
2024-04-08,0.000635
2024-04-09,0.001689
2024-04-10,-0.011133
2024-04-11,0.00633
2024-04-12,-0.014986
2024-04-15,-0.012236
2024-04-16,-0.002793
2024-04-17,-0.005516
2024-04-18,-0.002132
2024-04-19,-0.00641
2024-04-22,0.008379
2024-04-23,0.012223
2024-04-24,-0.000496
2024-04-25,-0.003976
2024-04-26,0.009386
2024-04-29,0.003638
2024-04-30,-0.016257
2024-05-01,-0.002301
2024-05-02,0.01015
2024-05-03,0.011387
2024-05-06,0.010622
2024-05-07,0.000894
2024-05-08,-0.001032
2024-05-09,0.005714
2024-05-10,0.000581
2024-05-13,-4e-05
2024-05-14,0.00567
2024-05-15,0.011147
2024-05-16,-0.002469
2024-05-17,0.001553
2024-05-20,0.001351
2024-05-21,0.001316
2024-05-22,-0.003809
2024-05-23,-0.008665
2024-05-24,0.00728
2024-05-28,-0.000542
2024-05-29,-0.008486
2024-05-30,-0.003058
2024-05-31,0.007124
2024-06-03,-0.000109
2024-06-04,-0.000958
2024-06-05,0.01158
2024-06-06,-0.000299
2024-06-07,-0.003332
2024-06-10,0.002931
2024-06-11,0.001075
2024-06-12,0.009187
2024-06-13,-0.000249
2024-06-14,-0.002208
2024-06-17,0.00704
2024-06-18,0.002249
2024-06-20,-0.002243
2024-06-21,-0.001283
2024-06-24,-0.001252
2024-06-25,0.002306
2024-06-26,0.000759
2024-06-27,0.001958
2024-06-28,-0.002922
2024-07-01,0.001083
2024-07-02,0.005755
2024-07-03,0.005207
2024-07-05,0.004139
2024-07-08,0.001117
2024-07-09,-0.00023
2024-07-10,0.009718
2024-07-11,-0.003351
2024-07-12,0.006239
2024-07-15,0.003521
2024-07-16,0.008997
2024-07-17,-0.01358
2024-07-18,-0.008879
2024-07-19,-0.006365
2024-07-22,0.01065
2024-07-23,-0.00069
2024-07-24,-0.021935
2024-07-25,-0.003279
2024-07-26,0.011268
2024-07-29,-0.000409
2024-07-30,-0.004038
2024-07-31,0.014368
2024-08-01,-0.015522
2024-08-02,-0.019856
2024-08-05,-0.028607
2024-08-06,0.010121
2024-08-07,-0.00743
2024-08-08,0.022766
2024-08-09,0.004044
2024-08-12,-0.000906
2024-08-13,0.01607
2024-08-14,0.003271
2024-08-15,0.01638
2024-08-16,0.002371
2024-08-19,0.009575
2024-08-20,-0.002935
2024-08-21,0.005455
2024-08-22,-0.008649
2024-08-23,0.013378
2024-08-26,-0.002756
2024-08-27,0.000759
2024-08-28,-0.006316
2024-08-29,0.001251
2024-08-30,0.009154
2024-09-03,-0.021326
2024-09-04,-0.001641
2024-09-05,-0.002893
2024-09-06,-0.016799
2024-09-09,0.010511
2024-09-10,0.003553
2024-09-11,0.009745
2024-09-12,0.008004
2024-09-13,0.007031
2024-09-16,0.002084
2024-09-17,0.000611
2024-09-18,-0.002463
2024-09-19,0.016805
2024-09-20,-0.002585
2024-09-23,0.002668
2024-09-24,0.003008
2024-09-25,-0.003278
2024-09-26,0.00472
2024-09-27,-0.000758
2024-09-30,0.002989
2024-10-01,-0.00858
2024-10-02,0.000115
2024-10-03,-0.002579
2024-10-04,0.009344
2024-10-07,-0.008923
2024-10-08,0.007431
2024-10-09,0.006396
2024-10-10,-0.001839
2024-10-11,0.007473
2024-10-14,0.006791
2024-10-15,-0.006739
2024-10-16,0.005557
2024-10-17,-0.000206
2024-10-18,0.00389
2024-10-21,-0.003593
2024-10-22,-0.000959
2024-10-23,-0.008658
2024-10-24,0.00259
2024-10-25,-0.001141
2024-10-28,0.004058
2024-10-29,0.001114
2024-10-30,-0.00313
2024-10-31,-0.017114
2024-11-01,0.00357
2024-11-04,-0.001772
2024-11-05,0.012615
2024-11-06,0.025783
2024-11-07,0.007085
2024-11-08,0.003653
2024-11-11,0.00315
2024-11-12,-0.004259
2024-11-13,-0.000809
2024-11-14,-0.006636
2024-11-15,-0.012429
2024-11-18,0.004292
2024-11-19,0.004694
2024-11-20,0.000551
2024-11-21,0.007039
2024-11-22,0.005491
2024-11-25,0.004274
2024-11-26,0.003226
2024-11-27,-0.002735
2024-11-29,0.00536
2024-12-02,0.001395
2024-12-03,0.00021
2024-12-04,0.006336
2024-12-05,-0.00251
2024-12-06,0.002921
2024-12-09,-0.006779
2024-12-10,-0.003963
2024-12-11,0.008064
2024-12-12,-0.006195
2024-12-13,-0.000957
2024-12-16,0.003474
2024-12-17,-0.005018
2024-12-18,-0.031215
2024-12-19,-0.001397
2024-12-20,0.010456
2024-12-23,0.00542
2024-12-24,0.010521
2024-12-26,0.000282
2024-12-27,-0.010775
2024-12-30,-0.0099
2024-12-31,-0.003541
